time,obs_x2
0,0
1,0.19421762
5,0.0484032
10,0.61288016
30,4.07930835
60,10.12008893
