time,ob10,ob10_std,obcry,obcry_std,oohb10,oohb10_std
15,0.186897,0.043179,4.804181,0.430540,0.750567,0.146042
30,0.238582,0.046576,3.874252,0.353484,0.957066,0.185626
45,0.268357,0.048771,3.687507,0.338201,1.058638,0.205133
60,0.377915,0.057968,2.905136,0.275261,1.400610,0.270906
90,0.332696,0.053988,2.471236,0.241465,1.342636,0.259748
120,0.410503,0.060963,2.243992,0.224241,1.652208,0.319353
180,0.487949,0.068419,0.922679,0.137702,2.005941,0.387509
