time,ob10,ob10_std
5,3.973385,0.406451
15,3.976118,0.406728
30,3.129590,0.320749
60,3.131418,0.320935
90,3.105543,0.318310
120,2.279702,0.234682
180,1.321613,0.138555
