time,ob10,ob10_std,obcar,obcar_std
15,0.879470,0.110017,3.834960,0.251006
30,1.617750,0.194075,2.689320,0.179664
45,2.022100,0.240978,2.125410,0.145321
60,2.517110,0.298703,1.554140,0.111703
90,2.249510,0.267467,0.901850,0.076761
120,2.469230,0.293110,0.624960,0.064455
180,2.095990,0.249578,0.302760,0.054089
