time,oohb10,oohb10_std
5,2.187219,0.365852
15,1.490176,0.249545
30,1.243819,0.208483
60,1.100679,0.184647
90,1.142316,0.191578
120,0.794621,0.133780
180,0.696621,0.117543
