observableId	simulationConditionId	time	simulation
obs_a	c0	0	1.0
obs_a	c0	10	0.42857190373069665
obs_a	c0	10	0.42857190373069665
