observableId	simulationConditionId	time	simulation
obs_a	c0	10	0.42857190373069665
obs_b	c0	10	0.5714280962693035
