Time,EGF_conc_step,EGF_conc_impulse,EGF_conc_ramp,pulse_time,ramp_time,pEGFR_tot,pEGFR_tot_std,pAkt_tot,pAkt_tot_std,pS6_tot,pS6_tot_std
0,0,3,0,60,3600,0,0.01,0,0.01,0,0.01
60,0,3,0,60,3600,0.58356,0.1,0.81405,0.1,0.0087061,0.01
120,0,3,0,60,3600,0.21278,0.04,0.84796,0.05,0.0085924,0.01
300,0,3,0,60,3600,0.024674,0.01,0.31185,0.05,0.013732,0.03
600,0,3,0,60,3600,0.01385,0.01,0.036473,0.03,0.10145,0.02
900,0,3,0,60,3600,0.0078426,0.01,0.016066,0.03,0.22009,0.02
1800,0,3,0,60,3600,0.0076295,0.01,0.018031,0.01,0.045782,0.01
3600,0,3,0,60,3600,0.0016373,0.01,0.01395,0.01,0.0065694,0.01