Time,EGF_conc_step,EGF_conc_impulse,EGF_conc_ramp,pulse_time,ramp_time,pEGFR_tot,pEGFR_tot_std,pAkt_tot,pAkt_tot_std,pS6_tot,pS6_tot_std
0,0,0.1,0,60,3600,0,0.01,0,0.01,0,0.01
60,0,0.1,0,60,3600,0.026607,0.01,0.018292,0.02,0.0085345,0.01
120,0,0.1,0,60,3600,0.018747,0.01,0.038759,0.01,0.0066955,0.01
300,0,0.1,0,60,3600,0.0044578,0.01,0.033398,0.01,0.0054726,0.01
600,0,0.1,0,60,3600,0.0028719,0.01,0.0034415,0.01,0.0099161,0.01
900,0,0.1,0,60,3600,0.0028719,0.01,0.0034415,0.01,0.0090407,0.01
1800,0,0.1,0,60,3600,0.0028719,0.01,0.0034415,0.01,0.0029882,0.01
3600,0,0.1,0,60,3600,0.00068759,0.01,0.005294,0.01,0.00067163,0.01