Time,EGF_conc_step,EGF_conc_impulse,EGF_conc_ramp,pulse_time,ramp_time,pEGFR_tot,pEGFR_tot_std,pAkt_tot,pAkt_tot_std,pS6_tot,pS6_tot_std
0,0,30,0,60,3600,0,0.01,0,0.01,0,0.01
60,0,30,0,60,3600,1.0188,0.07,1.0061,0.05,0.0066616,0.01
120,0,30,0,60,3600,0.45013,0.04,1.1128,0.04,0.0066616,0.01
300,0,30,0,60,3600,0.10357,0.03,0.3043,0.05,0.013734,0.01
600,0,30,0,60,3600,0.056001,0.01,0.040282,0.01,0.16416,0.04
900,0,30,0,60,3600,0.020639,0.01,0.014749,0.01,0.3288,0.015
1800,0,30,0,60,3600,0.0235,0.01,0.014749,0.01,0.18462,0.03
3600,0,30,0,60,3600,0.0047958,0.01,0.0091743,0.01,0.053498,0.02