Time,EGF_conc_step,EGF_conc_impulse,EGF_conc_ramp,pulse_time,ramp_time,pEGFR_tot,pEGFR_tot_std,pAkt_tot,pAkt_tot_std,pS6_tot,pS6_tot_std
0,0,10,0,60,3600,0,0.01,0,0.01,0,0.01
60,0,10,0,60,3600,1.063,0.125,0.89307,0.1,0.013799,0.01
120,0,10,0,60,3600,0.39511,0.06,0.99646,0.1,0.013799,0.01
300,0,10,0,60,3600,0.049382,0.05,0.29821,0.07,0.013708,0.01
600,0,10,0,60,3600,0.042019,0.03,0.039358,0.02,0.14189,0.04
900,0,10,0,60,3600,0.027796,0.01,0.024093,0.01,0.28473,0.02
1800,0,10,0,60,3600,0.010327,0.01,0.018031,0.01,0.11342,0.03
3600,0,10,0,60,3600,0.0029841,0.01,0.010588,0.01,0.016033,0.02