Time,EGF_conc_step,EGF_conc_impulse,EGF_conc_ramp,pulse_time,ramp_time,pEGFR_tot,pEGFR_tot_std,pAkt_tot,pAkt_tot_std,pS6_tot,pS6_tot_std
0,0.1,0,0,60,3600,0,0.01,0,0.01,0,0.01
60,0.1,0,0,60,3600,0.004955,0.01,0.031232,0.01,0.0018563,0.01
120,0.1,0,0,60,3600,0.004034,0.01,0.093444,0.01,0.0033416,0.01
300,0.1,0,0,60,3600,0.0063674,0.01,0.23689,0.01,0.012632,0.01
600,0.1,0,0,60,3600,0.010859,0.01,0.14973,0.01,0.078914,0.02
900,0.1,0,0,60,3600,0.0071353,0.01,0.093097,0.01,0.25521,0.02
1800,0.1,0,0,60,3600,0.0037103,0.01,0.065764,0.01,0.44745,0.035
3600,0.1,0,0,60,3600,0.0067693,0.01,0.045765,0.01,0.29547,0.035