Time,EGF_conc_step,EGF_conc_impulse,EGF_conc_ramp,pulse_time,ramp_time,pEGFR_tot,pEGFR_tot_std,pAkt_tot,pAkt_tot_std,pS6_tot,pS6_tot_std
0,0.3,0,0,60,3600,0,0.01,0,0.01,0,0.01
60,0.3,0,0,60,3600,0.0249,0.01,0.062207,0.01,0.0019654,0.01
120,0.3,0,0,60,3600,0.022994,0.01,0.40715,0.03,0.0021975,0.01
300,0.3,0,0,60,3600,0.028904,0.01,0.319,0.01,0.020119,0.01
600,0.3,0,0,60,3600,0.027942,0.01,0.20592,0.02,0.22158,0.02
900,0.3,0,0,60,3600,0.035465,0.01,0.14706,0.02,0.52331,0.03
1800,0.3,0,0,60,3600,0.021229,0.01,0.12542,0.02,0.85846,0.1
3600,0.3,0,0,60,3600,0.02063,0.01,0.067827,0.01,0.6598,0.025