Time,EGF_conc_step,EGF_conc_impulse,EGF_conc_ramp,pulse_time,ramp_time,pEGFR_tot,pEGFR_tot_std,pAkt_tot,pAkt_tot_std,pS6_tot,pS6_tot_std
0,0,0.3,0,60,3600,0,0.01,0,0.01,0,0.01
60,0,0.3,0,60,3600,0.072143,0.02,0.048408,0.01,4.9996e-06,0.01
120,0,0.3,0,60,3600,0.028296,0.01,0.21885,0.04,2.7725e-05,0.01
300,0,0.3,0,60,3600,0.012036,0.01,0.11153,0.02,0.00034766,0.01
600,0,0.3,0,60,3600,0.0063916,0.01,0.011041,0.01,0.01121,0.01
900,0,0.3,0,60,3600,0.006577,0.01,0.010649,0.01,0.032619,0.01
1800,0,0.3,0,60,3600,0.0024638,0.01,0.0055566,0.01,0.0060753,0.01
3600,0,0.3,0,60,3600,0.0011737,0.01,0.0048665,0.01,-0.00074948,0.01