Time,EGF_conc_step,EGF_conc_impulse,EGF_conc_ramp,pulse_time,ramp_time,pEGFR_tot,pEGFR_tot_std,pAkt_tot,pAkt_tot_std,pS6_tot,pS6_tot_std
0,1,0,0,60,3600,0,0.01,0,0.01,0,0.01
60,1,0,0,60,3600,0.12816,0.05,0.38989,0.1,0.0020839,0.01
120,1,0,0,60,3600,0.13179,0.025,0.82306,0.07,0.0047955,0.01
300,1,0,0,60,3600,0.12123,0.065,0.49708,0.03,0.047495,0.01
600,1,0,0,60,3600,0.09165,0.025,0.2549,0.03,0.39197,0.01
900,1,0,0,60,3600,0.11645,0.02,0.19377,0.03,0.68142,0.025
1800,1,0,0,60,3600,0.049997,0.01,0.12942,0.02,1.0001,0.07
3600,1,0,0,60,3600,0.017926,0.01,0.061242,0.01,0.75108,0.075