Time,EGF_conc_step,EGF_conc_impulse,EGF_conc_ramp,pulse_time,ramp_time,pEGFR_tot,pEGFR_tot_std,pAkt_tot,pAkt_tot_std,pS6_tot,pS6_tot_std
0,30,0,0,60,3600,0,0.01,0,0.01,0,0.01
60,30,0,0,60,3600,0.95674,0.1,0.99726,0.05,0.0086144,0.01
120,30,0,0,60,3600,0.26888,0.1,0.8819,0.02,0.013062,0.01
300,30,0,0,60,3600,0.34087,0.2,0.27373,0.02,0.07993,0.01
600,30,0,0,60,3600,0.10018,0.05,0.11182,0.02,0.42868,0.02
900,30,0,0,60,3600,0.097799,0.02,0.073731,0.02,0.60508,0.03
1800,30,0,0,60,3600,0.025369,0.01,0.053436,0.02,0.62088,0.035
3600,30,0,0,60,3600,0.0081957,0.01,0.038275,0.01,0.32084,0.07