Time,EGF_conc_step,EGF_conc_impulse,EGF_conc_ramp,pulse_time,ramp_time,pEGFR_tot,pEGFR_tot_std,pAkt_tot,pAkt_tot_std,pS6_tot,pS6_tot_std
0,10,0,0,60,3600,0,0.01,0,0.01,0,0.01
60,10,0,0,60,3600,0.90952,0.3,0.87147,0.1,0.0073292,0.01
120,10,0,0,60,3600,0.3891,0.15,0.96118,0.025,0.014418,0.01
300,10,0,0,60,3600,0.30117,0.15,0.37349,0.02,0.079732,0.01
600,10,0,0,60,3600,0.10321,0.05,0.15548,0.02,0.4562,0.01
900,10,0,0,60,3600,0.10615,0.02,0.11922,0.02,0.65294,0.02
1800,10,0,0,60,3600,0.039496,0.02,0.062311,0.02,0.75189,0.04
3600,10,0,0,60,3600,0.011403,0.01,0.03678,0.01,0.37446,0.08