Time,EGF_conc_step,EGF_conc_impulse,EGF_conc_ramp,pulse_time,ramp_time,pEGFR_tot,pEGFR_tot_std,pAkt_tot,pAkt_tot_std,pS6_tot,pS6_tot_std
0,3,0,0,60,3600,0,0.01,0,0.01,0,0.01
60,3,0,0,60,3600,0.48781,0.15,0.71187,0.05,0.0057189,0.01
120,3,0,0,60,3600,0.28974,0.12,0.89633,0.05,0.013126,0.01
300,3,0,0,60,3600,0.24074,0.15,0.49719,0.02,0.062408,0.01
600,3,0,0,60,3600,0.13851,0.065,0.2397,0.03,0.41154,0.01
900,3,0,0,60,3600,0.11025,0.03,0.18333,0.02,0.71428,0.035
1800,3,0,0,60,3600,0.047644,0.02,0.089574,0.02,0.92784,0.08
3600,3,0,0,60,3600,0.017833,0.01,0.037055,0.02,0.55064,0.08