Time,EGF_conc_step,EGF_conc_impulse,EGF_conc_ramp,pulse_time,ramp_time,pEGFR_tot,pEGFR_tot_std,pAkt_tot,pAkt_tot_std,pS6_tot,pS6_tot_std
0,0,1,0,60,3600,0,0.01,0,0.01,0,0.01
60,0,1,0,60,3600,0.25435,0.05,0.32909,0.03,0.0061493,0.01
120,0,1,0,60,3600,0.086043,0.01,0.45038,0.1,0.0062248,0.01
300,0,1,0,60,3600,0.010307,0.01,0.18439,0.03,0.0082859,0.02
600,0,1,0,60,3600,0.0028719,0.01,0.018351,0.03,0.040733,0.01
900,0,1,0,60,3600,0.0028719,0.01,0.0068831,0.02,0.13314,0.01
1800,0,1,0,60,3600,0.0028719,0.01,0.0068831,0.01,0.019442,0.01
3600,0,1,0,60,3600,0.0023384,0.01,0.00092645,0.01,0.0059841,0.01